"","SNP","effect_allele.exposure","other_allele.exposure","effect_allele.outcome","other_allele.outcome","beta.exposure","beta.outcome","eaf.exposure","eaf.outcome","remove","palindromic","ambiguous","id.outcome","gene.outcome","pval.outcome","se.outcome","ncase.outcome","ncontrol.outcome","samplesize.outcome","outcome","mr_keep.outcome","pval_origin.outcome","pos.exposure","gene.exposure","pval.exposure","se.exposure","ncase.exposure","ncontrol.exposure","samplesize.exposure","exposure","mr_keep.exposure","pval_origin.exposure","id.exposure","action","mr_keep"
"1","rs1012635","A","G","A","G",-0.075,-0.000375623508909392,0.392,0.549184,FALSE,FALSE,FALSE,"RtsVCl","6:20675295_G_A",0.863178241611,0.00217967794350749,71880,383378,455258,"AD_sumstats_Jansenetal_2019sept.txt.gz",TRUE,"reported",20675064,"CDKAL1",5.406e-10,0.0121,23338,124852,148190,"E4_DM2_STRICT.gz",TRUE,"reported","K85KuF",2,TRUE
"2","rs10245867","G","T","G","T",0.0687,0.00391774540470693,0.3306,0.646227,FALSE,FALSE,FALSE,"RtsVCl","7:28142186_T_G",0.0831554593512,0.00226111125664309,71880,383378,455258,"AD_sumstats_Jansenetal_2019sept.txt.gz",TRUE,"reported",28102567,"JAZF1",3.693e-08,0.0125,23338,124852,148190,"E4_DM2_STRICT.gz",TRUE,"reported","K85KuF",2,TRUE
"3","rs1046317","T","C","T","C",0.0965,-0.0010281076416904,0.6102,0.319048,FALSE,FALSE,FALSE,"RtsVCl","4:6304242_T_C",0.657433556559,0.00231838109425395,71880,383378,455258,"AD_sumstats_Jansenetal_2019sept.txt.gz",TRUE,"reported",6302515,"WFS1",1.474e-15,0.0121,23338,124852,148190,"E4_DM2_STRICT.gz",TRUE,"reported","K85KuF",2,TRUE
"4","rs10505728","T","A","T","A",-0.1718,0.00300195374828193,0.0429,0.0384509,FALSE,TRUE,FALSE,"RtsVCl","12:4320185_A_T",0.596221612086,0.00566575471205818,71880,383378,455258,"AD_sumstats_Jansenetal_2019sept.txt.gz",TRUE,"reported",4211019,"CCND2",9.663e-09,0.03,23338,124852,148190,"E4_DM2_STRICT.gz",TRUE,"reported","K85KuF",2,TRUE
"5","rs10793039","T","C","T","C",-0.0738,-0.00263729281638037,0.4703,0.532984,FALSE,FALSE,FALSE,"RtsVCl","11:72449249_C_T",0.223405259751,0.00216611319750357,71880,383378,455258,"AD_sumstats_Jansenetal_2019sept.txt.gz",TRUE,"reported",72738204,"ARAP1",3.889e-10,0.0118,23338,124852,148190,"E4_DM2_STRICT.gz",TRUE,"reported","K85KuF",2,TRUE
"6","rs1079714","G","A","G","A",-0.0986,-0.00333295023583523,0.1319,0.895581,FALSE,FALSE,FALSE,"RtsVCl","11:2760741_A_G",0.344581954446,0.0035263691861009,71880,383378,455258,"AD_sumstats_Jansenetal_2019sept.txt.gz",TRUE,"reported",2739511,"KCNQ1",1.763e-08,0.0175,23338,124852,148190,"E4_DM2_STRICT.gz",TRUE,"reported","K85KuF",2,TRUE
"7","rs10811661","T","C","T","C",-0.1122,0.00489310305539573,0.1443,0.825239,FALSE,FALSE,FALSE,"RtsVCl","9:22134094_C_T",0.0848581886576,0.00283959758000846,71880,383378,455258,"AD_sumstats_Jansenetal_2019sept.txt.gz",TRUE,"reported",22134095,"RP11-145E5.5",2.378e-11,0.0168,23338,124852,148190,"E4_DM2_STRICT.gz",TRUE,"reported","K85KuF",2,TRUE
"8","rs10830963","C","G","C","G",0.125,-0.00078551406068688,0.3569,0.27105,FALSE,TRUE,FALSE,"RtsVCl","11:92708710_G_C",0.746100566399,0.00242603354003777,71880,383378,455258,"AD_sumstats_Jansenetal_2019sept.txt.gz",TRUE,"reported",92975544,"MTNR1B",2.413e-24,0.0123,23338,124852,148190,"E4_DM2_STRICT.gz",TRUE,"reported","K85KuF",2,TRUE
"9","rs10882099","T","C","T","C",-0.0849,0.00342881271690091,0.4761,0.574346,FALSE,FALSE,FALSE,"RtsVCl","10:94460650_C_T",0.116029028807,0.00218164807034905,71880,383378,455258,"AD_sumstats_Jansenetal_2019sept.txt.gz",TRUE,"reported",92700893,"HHEX",5.604e-13,0.0118,23338,124852,148190,"E4_DM2_STRICT.gz",TRUE,"reported","K85KuF",2,TRUE
"10","rs10938397","A","G","A","G",0.0764,-0.000646701593142651,0.4741,0.574515,FALSE,FALSE,FALSE,"RtsVCl","4:45182527_G_A",0.766847401054,0.00218111001586112,71880,383378,455258,"AD_sumstats_Jansenetal_2019sept.txt.gz",TRUE,"reported",45180510,"GNPDA2",8.47e-11,0.0118,23338,124852,148190,"E4_DM2_STRICT.gz",TRUE,"reported","K85KuF",2,TRUE
"11","rs11063029","C","T","C","T",0.1125,-0.00113095028607613,0.09208,0.9445334,FALSE,FALSE,FALSE,"RtsVCl","12:4301301_T_C",0.810614616986,0.00471950564170099,71880,383378,455258,"AD_sumstats_Jansenetal_2019sept.txt.gz",TRUE,"reported",4192135,"CCND2",3.524e-08,0.0204,23338,124852,148190,"E4_DM2_STRICT.gz",TRUE,"reported","K85KuF",2,TRUE
"12","rs11196175","T","C","T","C",0.1627,0.00375324179574,0.2004,0.726101,FALSE,FALSE,FALSE,"RtsVCl","10:114736614_C_T",0.1206285744,0.00241810676551171,71880,383378,455258,"AD_sumstats_Jansenetal_2019sept.txt.gz",TRUE,"reported",112976855,"TCF7L2",7.859e-28,0.0149,23338,124852,148190,"E4_DM2_STRICT.gz",TRUE,"reported","K85KuF",2,TRUE
"13","rs112108223","G","A","G","A",-0.3043,0.00860817118108725,0.02252,0.9843394,FALSE,FALSE,FALSE,"RtsVCl","12:4271088_A_G",0.355982280794,0.0093258127185938,71880,383378,455258,"AD_sumstats_Jansenetal_2019sept.txt.gz",TRUE,"reported",4161922,"CCND2",1.291e-13,0.0411,23338,124852,148190,"E4_DM2_STRICT.gz",TRUE,"reported","K85KuF",2,TRUE
"14","rs11257659","C","T","C","T",0.0795,0.020110371650992,0.2647,0.2276,FALSE,FALSE,FALSE,"RtsVCl","10:12309269_C_T",0.1149,0.0127559679139993,71880,383378,455258,"AD_sumstats_Jansenetal_2019sept.txt.gz",TRUE,"reported",12267270,"CDC123",2.932e-09,0.0134,23338,124852,148190,"E4_DM2_STRICT.gz",TRUE,"reported","K85KuF",2,TRUE
"15","rs112613078","A","G","A","G",-0.089,0.00349422608365247,0.1927,0.802787,FALSE,FALSE,FALSE,"RtsVCl","7:102433678_G_A",0.198430631633,0.00271705234045776,71880,383378,455258,"AD_sumstats_Jansenetal_2019sept.txt.gz",TRUE,"reported",102793231,"FAM185A",2.751e-09,0.015,23338,124852,148190,"E4_DM2_STRICT.gz",TRUE,"reported","K85KuF",2,TRUE
"16","rs1128249","G","T","G","T",-0.0744,0.00171867398640563,0.3478,0.604897,FALSE,FALSE,FALSE,"RtsVCl","2:165528624_T_G",0.435893277972,0.00220584120000903,71880,383378,455258,"AD_sumstats_Jansenetal_2019sept.txt.gz",TRUE,"reported",164672114,"COBLL1",1.896e-09,0.0124,23338,124852,148190,"E4_DM2_STRICT.gz",TRUE,"reported","K85KuF",2,TRUE
"17","rs1128905","T","C","T","C",-0.0653,-0.00166608748401238,0.5025,0.498091,FALSE,FALSE,FALSE,"RtsVCl","9:139253839_T_C",0.44056192064,0.00216025801684488,71880,383378,455258,"AD_sumstats_Jansenetal_2019sept.txt.gz",TRUE,"reported",136359387,"GPSM1",2.729e-08,0.0118,23338,124852,148190,"E4_DM2_STRICT.gz",TRUE,"reported","K85KuF",2,TRUE
"18","rs113045419","T","C","T","C",-0.1103,0.00138925958537622,0.1084,0.9011087,FALSE,FALSE,FALSE,"RtsVCl","12:4406576_C_T",0.705118315751,0.0036712069017566,71880,383378,455258,"AD_sumstats_Jansenetal_2019sept.txt.gz",TRUE,"reported",4297410,"CCND2",1.852e-08,0.0196,23338,124852,148190,"E4_DM2_STRICT.gz",TRUE,"reported","K85KuF",2,TRUE
"19","rs113191842","G","A","G","A",0.1031,0.00517979416580261,0.1546,0.1162,FALSE,FALSE,FALSE,"RtsVCl","16:53817318_G_A",0.7563,0.0166905366114791,71880,383378,455258,"AD_sumstats_Jansenetal_2019sept.txt.gz",TRUE,"reported",53783406,"FTO",3.512e-10,0.0164,23338,124852,148190,"E4_DM2_STRICT.gz",TRUE,"reported","K85KuF",2,TRUE
"20","rs11558471","A","G","A","G",-0.0784,-0.00189246284656043,0.3786,0.687065,FALSE,FALSE,FALSE,"RtsVCl","8:118185733_G_A",0.416452195002,0.00232892221187296,71880,383378,455258,"AD_sumstats_Jansenetal_2019sept.txt.gz",TRUE,"reported",117173494,"SLC30A8",1.014e-10,0.0121,23338,124852,148190,"E4_DM2_STRICT.gz",TRUE,"reported","K85KuF",2,TRUE
"21","rs116369954","T","C","T","C",0.2884,0.00183078016562107,0.01921,0.9681552,FALSE,FALSE,FALSE,"RtsVCl","10:114793572_C_T",0.765629150783,0.00614155903351416,71880,383378,455258,"AD_sumstats_Jansenetal_2019sept.txt.gz",TRUE,"reported",113033813,"TCF7L2",3.044e-11,0.0434,23338,124852,148190,"E4_DM2_STRICT.gz",TRUE,"reported","K85KuF",2,TRUE
"22","rs11668971","T","C","T","C",-0.0646,-0.00147555236337789,0.5283,0.504912,FALSE,FALSE,FALSE,"RtsVCl","19:18815611_C_T",0.494792135195,0.00216132661096244,71880,383378,455258,"AD_sumstats_Jansenetal_2019sept.txt.gz",TRUE,"reported",18704801,"CRTC1",3.972e-08,0.0118,23338,124852,148190,"E4_DM2_STRICT.gz",TRUE,"reported","K85KuF",2,TRUE
"23","rs116929578","A","G","A","G",0.2308,0.00264713448155043,0.02378,0.9585771,FALSE,FALSE,FALSE,"RtsVCl","10:114836181_G_A",0.645160759578,0.0057484508615298,71880,383378,455258,"AD_sumstats_Jansenetal_2019sept.txt.gz",TRUE,"reported",113076422,"TCF7L2",2.722e-09,0.0388,23338,124852,148190,"E4_DM2_STRICT.gz",TRUE,"reported","K85KuF",2,TRUE
"24","rs1169299","T","C","T","C",0.068,0.000881204477454478,0.5234,0.53879,FALSE,FALSE,FALSE,"RtsVCl","12:121429194_C_T",0.685679529593,0.00217729095234232,71880,383378,455258,"AD_sumstats_Jansenetal_2019sept.txt.gz",TRUE,"reported",120991391,"HNF1A",8.79e-09,0.0118,23338,124852,148190,"E4_DM2_STRICT.gz",TRUE,"reported","K85KuF",2,TRUE
"25","rs11708719","A","G","A","G",0.1231,-0.000825784014962814,0.08943,0.9361103,FALSE,FALSE,FALSE,"RtsVCl","3:185515274_G_A",0.851446649303,0.00440952161258878,71880,383378,455258,"AD_sumstats_Jansenetal_2019sept.txt.gz",TRUE,"reported",185797486,"IGF2BP2",2.601e-09,0.0207,23338,124852,148190,"E4_DM2_STRICT.gz",TRUE,"reported","K85KuF",2,TRUE
"26","rs12259231","C","G","C","G",-0.0852,-0.00189042978875321,0.2507,0.187727,FALSE,TRUE,FALSE,"RtsVCl","10:114840745_G_C",0.496946965277,0.0027829031906751,71880,383378,455258,"AD_sumstats_Jansenetal_2019sept.txt.gz",TRUE,"reported",113080986,"TCF7L2",4.543e-10,0.0137,23338,124852,148190,"E4_DM2_STRICT.gz",TRUE,"reported","K85KuF",2,TRUE
"27","rs12950535","C","T","C","T",0.0795,0.00170925944876221,0.2117,0.776055,FALSE,FALSE,FALSE,"RtsVCl","17:4281407_T_C",0.512773053026,0.00261144666059793,71880,383378,455258,"AD_sumstats_Jansenetal_2019sept.txt.gz",TRUE,"reported",4378112,"UBE2G1",3.518e-08,0.0144,23338,124852,148190,"E4_DM2_STRICT.gz",TRUE,"reported","K85KuF",2,TRUE
"28","rs13064760","C","T","C","T",-0.1065,0.00516222439128667,0.1703,0.890237,FALSE,FALSE,FALSE,"RtsVCl","3:12369401_T_C",0.134770008915,0.0034517146120893,71880,383378,455258,"AD_sumstats_Jansenetal_2019sept.txt.gz",TRUE,"reported",12327902,"PPARG",1.091e-11,0.0157,23338,124852,148190,"E4_DM2_STRICT.gz",TRUE,"reported","K85KuF",2,TRUE
"29","rs138664086","G","C","G","C",-0.2232,-0.00344415754721192,0.02878,0.0180628,FALSE,TRUE,FALSE,"RtsVCl","10:114751017_C_G",0.689243073867,0.00861292425278012,71880,383378,455258,"AD_sumstats_Jansenetal_2019sept.txt.gz",TRUE,"reported",112991258,"TCF7L2",3.921e-10,0.0357,23338,124852,148190,"E4_DM2_STRICT.gz",TRUE,"reported","K85KuF",2,TRUE
"30","rs1397566","A","G","A","G",-0.0663,-0.00135213317231479,0.4271,0.613659,FALSE,FALSE,FALSE,"RtsVCl","12:71526677_G_A",0.541738998,0.00221593824641441,71880,383378,455258,"AD_sumstats_Jansenetal_2019sept.txt.gz",TRUE,"reported",71132897,"TSPAN8",2.303e-08,0.0119,23338,124852,148190,"E4_DM2_STRICT.gz",TRUE,"reported","K85KuF",2,TRUE
"31","rs140820620","G","A","G","A",0.3985,0.010560402404175,0.009098,0.9793502,FALSE,FALSE,FALSE,"RtsVCl","10:114787948_A_G",0.192885320647,0.00811034204414798,71880,383378,455258,"AD_sumstats_Jansenetal_2019sept.txt.gz",TRUE,"reported",113028189,"TCF7L2",2.874e-10,0.0632,23338,124852,148190,"E4_DM2_STRICT.gz",TRUE,"reported","K85KuF",2,TRUE
"32","rs149692182","C","T","C","T",0.3528,-0.0123546099394657,0.01401,0.9792424,FALSE,FALSE,FALSE,"RtsVCl","10:114752674_T_C",0.124425119741,0.00804094747163705,71880,383378,455258,"AD_sumstats_Jansenetal_2019sept.txt.gz",TRUE,"reported",112992915,"TCF7L2",3.841e-12,0.0508,23338,124852,148190,"E4_DM2_STRICT.gz",TRUE,"reported","K85KuF",2,TRUE
"33","rs149725176","G","A","G","A",-0.079,-0.00159340788679208,0.2416,0.850462,FALSE,FALSE,FALSE,"RtsVCl","7:44364526_A_G",0.622571290019,0.00323725582963645,71880,383378,455258,"AD_sumstats_Jansenetal_2019sept.txt.gz",TRUE,"reported",44324927,"CAMK2B",1.203e-08,0.0139,23338,124852,148190,"E4_DM2_STRICT.gz",TRUE,"reported","K85KuF",2,TRUE
"34","rs181344886","G","T","G","T",-0.2635,-0.0085651291470179,0.02161,0.99051432,FALSE,FALSE,FALSE,"RtsVCl","10:114705589_T_G",0.4783,0.0120799050372172,71880,383378,455258,"AD_sumstats_Jansenetal_2019sept.txt.gz",TRUE,"reported",112945830,"TCF7L2",1.472e-10,0.0411,23338,124852,148190,"E4_DM2_STRICT.gz",TRUE,"reported","K85KuF",2,TRUE
"35","rs182788819","C","T","C","T",0.1686,0.00896479496893095,0.03872,0.984093,FALSE,FALSE,FALSE,"RtsVCl","10:71449878_T_C",0.32764169293,0.00915826227360132,71880,383378,455258,"AD_sumstats_Jansenetal_2019sept.txt.gz",TRUE,"reported",69690122,"C10orf35",3.63e-08,0.0306,23338,124852,148190,"E4_DM2_STRICT.gz",TRUE,"reported","K85KuF",2,TRUE
"36","rs185612218","C","T","C","T",-0.2808,-0.0210005020765335,0.02039,0.9899292,FALSE,FALSE,FALSE,"RtsVCl","10:114733637_T_C",0.07383,0.0117474453306554,71880,383378,455258,"AD_sumstats_Jansenetal_2019sept.txt.gz",TRUE,"reported",112973878,"TCF7L2",3.442e-11,0.0424,23338,124852,148190,"E4_DM2_STRICT.gz",TRUE,"reported","K85KuF",2,TRUE
"37","rs1885283","C","A","C","A",0.1032,0.00434618525975783,0.1127,0.866338,FALSE,FALSE,FALSE,"RtsVCl","10:114648499_A_C",0.175724799775,0.00320979968407935,71880,383378,455258,"AD_sumstats_Jansenetal_2019sept.txt.gz",TRUE,"reported",112888740,"TCF7L2",4.483e-08,0.0189,23338,124852,148190,"E4_DM2_STRICT.gz",TRUE,"reported","K85KuF",2,TRUE
"38","rs2065501","A","C","A","C",-0.0716,0.00366377221986105,0.6201,0.338543,FALSE,FALSE,FALSE,"RtsVCl","9:22140224_A_C",0.511655566879,0.00558278896815777,71880,383378,455258,"AD_sumstats_Jansenetal_2019sept.txt.gz",TRUE,"reported",22140225,"RP11-145E5.5",5.019e-09,0.0122,23338,124852,148190,"E4_DM2_STRICT.gz",TRUE,"reported","K85KuF",2,TRUE
"39","rs2237896","G","A","G","A",-0.2276,0.00659129261925211,0.07567,0.9485833,FALSE,FALSE,FALSE,"RtsVCl","11:2858440_A_G",0.177757521037,0.00489080105290801,71880,383378,455258,"AD_sumstats_Jansenetal_2019sept.txt.gz",TRUE,"reported",2837210,"KCNQ1",8.381e-24,0.0226,23338,124852,148190,"E4_DM2_STRICT.gz",TRUE,"reported","K85KuF",2,TRUE
"40","rs2303700","T","C","T","C",-0.0717,-0.00127291970665076,0.6741,0.342362,FALSE,FALSE,FALSE,"RtsVCl","19:7976529_T_C",0.581533274418,0.00230958517256403,71880,383378,455258,"AD_sumstats_Jansenetal_2019sept.txt.gz",TRUE,"reported",7911644,"MAP2K7",1.24e-08,0.0126,23338,124852,148190,"E4_DM2_STRICT.gz",TRUE,"reported","K85KuF",2,TRUE
"41","rs234864","G","A","G","A",-0.0747,-0.00132549943666861,0.4608,0.457776,FALSE,FALSE,FALSE,"RtsVCl","11:2857297_G_A",0.546763610003,0.00219957248505899,71880,383378,455258,"AD_sumstats_Jansenetal_2019sept.txt.gz",TRUE,"reported",2836067,"KCNQ1",2.951e-10,0.0119,23338,124852,148190,"E4_DM2_STRICT.gz",TRUE,"reported","K85KuF",2,TRUE
"42","rs2411884","C","G","C","G",0.0835,0.000332014626187997,0.3115,0.307669,FALSE,TRUE,FALSE,"RtsVCl","11:2735534_G_C",0.887860747945,0.00235451931123581,71880,383378,455258,"AD_sumstats_Jansenetal_2019sept.txt.gz",TRUE,"reported",2714304,"KCNQ1",7.286e-11,0.0128,23338,124852,148190,"E4_DM2_STRICT.gz",TRUE,"reported","K85KuF",2,TRUE
"43","rs28533815","C","T","C","T",-0.0988,-0.00112597207733506,0.3011,0.747259,FALSE,FALSE,FALSE,"RtsVCl","9:139241828_T_C",0.650466485234,0.00248496292828146,71880,383378,455258,"AD_sumstats_Jansenetal_2019sept.txt.gz",TRUE,"reported",136347375,"GPSM1",1.419e-14,0.0128,23338,124852,148190,"E4_DM2_STRICT.gz",TRUE,"reported","K85KuF",2,TRUE
"44","rs2943650","C","T","C","T",0.0836,-0.00458338457301357,0.6392,0.371836,FALSE,FALSE,FALSE,"RtsVCl","2:227105921_C_T",0.0401841936542,0.00223378095583224,71880,383378,455258,"AD_sumstats_Jansenetal_2019sept.txt.gz",TRUE,"reported",226241205,"IRS1",8.327e-12,0.0122,23338,124852,148190,"E4_DM2_STRICT.gz",TRUE,"reported","K85KuF",2,TRUE
"45","rs2947793","G","A","G","A",0.1468,-0.00415934944757101,0.05377,0.896951,FALSE,FALSE,FALSE,"RtsVCl","12:66199734_A_G",0.242149382855,0.0035561202155385,71880,383378,455258,"AD_sumstats_Jansenetal_2019sept.txt.gz",TRUE,"reported",65805954,"HMGA2",1.811e-08,0.0261,23338,124852,148190,"E4_DM2_STRICT.gz",TRUE,"reported","K85KuF",2,TRUE
"46","rs3217893","C","T","C","T",-0.1507,-0.00957118516620537,0.1049,0.9164152,FALSE,FALSE,FALSE,"RtsVCl","12:4403876_T_C",0.316008636449,0.00954547185475989,71880,383378,455258,"AD_sumstats_Jansenetal_2019sept.txt.gz",TRUE,"reported",4294710,"CCND2",3.712e-14,0.0199,23338,124852,148190,"E4_DM2_STRICT.gz",TRUE,"reported","K85KuF",2,TRUE
"47","rs35198068","T","C","T","C",0.2958,0.00205217943577072,0.2009,0.702972,FALSE,FALSE,FALSE,"RtsVCl","10:114754784_C_T",0.384988987884,0.00236224628733835,71880,383378,455258,"AD_sumstats_Jansenetal_2019sept.txt.gz",TRUE,"reported",112995025,"TCF7L2",1.331e-87,0.0149,23338,124852,148190,"E4_DM2_STRICT.gz",TRUE,"reported","K85KuF",2,TRUE
"48","rs35261542","C","A","C","A",0.1258,0.00161709392864388,0.3292,0.719279,FALSE,FALSE,FALSE,"RtsVCl","6:20675792_A_C",0.50140873128,0.00240540592077451,71880,383378,455258,"AD_sumstats_Jansenetal_2019sept.txt.gz",TRUE,"reported",20675561,"CDKAL1",6.433e-24,0.0125,23338,124852,148190,"E4_DM2_STRICT.gz",TRUE,"reported","K85KuF",2,TRUE
"49","rs3887925","C","T","C","T",0.069,0.000682894385549958,0.4631,0.466677,FALSE,FALSE,FALSE,"RtsVCl","3:186665645_C_T",0.753488983414,0.0021745305971985,71880,383378,455258,"AD_sumstats_Jansenetal_2019sept.txt.gz",TRUE,"reported",186947857,"ST6GAL1",5.329e-09,0.0118,23338,124852,148190,"E4_DM2_STRICT.gz",TRUE,"reported","K85KuF",2,TRUE
"50","rs4073288","G","A","G","A",0.0864,0.00514324638004799,0.374,0.624961,FALSE,FALSE,FALSE,"RtsVCl","10:114747277_A_G",0.0228165079903,0.0022592847684413,71880,383378,455258,"AD_sumstats_Jansenetal_2019sept.txt.gz",TRUE,"reported",112987518,"TCF7L2",1.346e-12,0.0122,23338,124852,148190,"E4_DM2_STRICT.gz",TRUE,"reported","K85KuF",2,TRUE
"51","rs4351239","C","T","C","T",0.0779,0.00231126260181203,0.6071,0.470203,FALSE,FALSE,FALSE,"RtsVCl","6:20764250_C_T",0.285263564531,0.0021629495895471,71880,383378,455258,"AD_sumstats_Jansenetal_2019sept.txt.gz",TRUE,"reported",20764019,"CDKAL1",9.689e-11,0.012,23338,124852,148190,"E4_DM2_STRICT.gz",TRUE,"reported","K85KuF",2,TRUE
"52","rs45551238","C","T","C","T",-0.2085,0.096133701027209,0.05025,0.00977826,FALSE,FALSE,FALSE,"RtsVCl","20:57607363_C_T",0.07694,0.0543520181211085,71880,383378,455258,"AD_sumstats_Jansenetal_2019sept.txt.gz",TRUE,"reported",59032308,"ATP5E",2.752e-14,0.0274,23338,124852,148190,"E4_DM2_STRICT.gz",TRUE,"reported","K85KuF",2,TRUE
"53","rs4689402","C","A","C","A",0.0654,-0.000159468649459132,0.5507,0.380444,FALSE,FALSE,FALSE,"RtsVCl","4:6327669_C_A",0.943745788972,0.00225995639806589,71880,383378,455258,"AD_sumstats_Jansenetal_2019sept.txt.gz",TRUE,"reported",6325942,"PPP2R2C",3.68e-08,0.0119,23338,124852,148190,"E4_DM2_STRICT.gz",TRUE,"reported","K85KuF",2,TRUE
"54","rs4812812","C","T","C","T",0.0805,0.000607266551223602,0.1976,0.859362,FALSE,FALSE,FALSE,"RtsVCl","20:42907169_T_C",0.844888336419,0.00310392671776387,71880,383378,455258,"AD_sumstats_Jansenetal_2019sept.txt.gz",TRUE,"reported",44278529,"GDAP1L1",4.726e-08,0.0147,23338,124852,148190,"E4_DM2_STRICT.gz",TRUE,"reported","K85KuF",2,TRUE
"55","rs4918791","G","A","G","A",-0.0798,-0.0080036952225491,0.4595,0.361842,FALSE,FALSE,FALSE,"RtsVCl","10:114830306_G_A",0.4721,0.0111306759256614,71880,383378,455258,"AD_sumstats_Jansenetal_2019sept.txt.gz",TRUE,"reported",113070547,"TCF7L2",3.616e-11,0.0121,23338,124852,148190,"E4_DM2_STRICT.gz",TRUE,"reported","K85KuF",2,TRUE
"56","rs4996963","G","A","G","A",0.0794,-0.000187444883316895,0.4338,0.556852,FALSE,FALSE,FALSE,"RtsVCl","4:6276126_A_G",0.932053662427,0.00219847570590471,71880,383378,455258,"AD_sumstats_Jansenetal_2019sept.txt.gz",TRUE,"reported",6274399,"WFS1",3.756e-11,0.012,23338,124852,148190,"E4_DM2_STRICT.gz",TRUE,"reported","K85KuF",2,TRUE
"57","rs55993634","C","G","C","G",-0.1494,-0.00254045134815997,0.08705,0.0897289999999999,FALSE,TRUE,FALSE,"RtsVCl","16:75236763_G_C",0.503866664015,0.00380069131330724,71880,383378,455258,"AD_sumstats_Jansenetal_2019sept.txt.gz",TRUE,"reported",75202865,"CTRB2",1.343e-12,0.0211,23338,124852,148190,"E4_DM2_STRICT.gz",TRUE,"reported","K85KuF",2,TRUE
"58","rs56348580","G","C","G","C",-0.0855,0.000503468691606298,0.2838,0.309178,FALSE,TRUE,FALSE,"RtsVCl","12:121432117_C_G",0.838969055089,0.0024775495929458,71880,383378,455258,"AD_sumstats_Jansenetal_2019sept.txt.gz",TRUE,"reported",120994314,"HNF1A",7.377e-11,0.0131,23338,124852,148190,"E4_DM2_STRICT.gz",TRUE,"reported","K85KuF",2,TRUE
"59","rs57307671","A","T","A","T",0.1071,0.00528472124481708,0.1835,0.124115,FALSE,TRUE,FALSE,"RtsVCl","7:102086605_T_A",0.108517029498,0.00329287770924208,71880,383378,455258,"AD_sumstats_Jansenetal_2019sept.txt.gz",TRUE,"reported",102446158,"ORAI2",2.344e-12,0.0153,23338,124852,148190,"E4_DM2_STRICT.gz",TRUE,"reported","K85KuF",2,TRUE
"60","rs6073386","A","G","A","G",0.1828,-0.00495987643220186,0.03673,0.9755005,FALSE,FALSE,FALSE,"RtsVCl","20:42888082_G_A",0.477060455004,0.00697553971271013,71880,383378,455258,"AD_sumstats_Jansenetal_2019sept.txt.gz",TRUE,"reported",44259442,"GDAP1L1",3.495e-09,0.031,23338,124852,148190,"E4_DM2_STRICT.gz",TRUE,"reported","K85KuF",2,TRUE
"61","rs61872790","A","G","A","G",0.2249,0.00468264253193822,0.08485,0.85214,FALSE,FALSE,FALSE,"RtsVCl","10:114821527_G_A",0.126754379427,0.00306650998380164,71880,383378,455258,"AD_sumstats_Jansenetal_2019sept.txt.gz",TRUE,"reported",113061768,"TCF7L2",4.402e-26,0.0213,23338,124852,148190,"E4_DM2_STRICT.gz",TRUE,"reported","K85KuF",2,TRUE
"62","rs62138774","C","A","C","A",0.1603,0.00898752637168248,0.0493,0.01292,FALSE,FALSE,FALSE,"RtsVCl","2:43774213_C_A",0.8495,0.0473634880970649,71880,383378,455258,"AD_sumstats_Jansenetal_2019sept.txt.gz",TRUE,"reported",43547074,"THADA",3.232e-09,0.0271,23338,124852,148190,"E4_DM2_STRICT.gz",TRUE,"reported","K85KuF",2,TRUE
"63","rs62283056","G","C","G","C",-0.0857,-0.00178170542627694,0.2095,0.214952,FALSE,TRUE,FALSE,"RtsVCl","4:6276630_C_G",0.498692616889,0.00263352303713219,71880,383378,455258,"AD_sumstats_Jansenetal_2019sept.txt.gz",TRUE,"reported",6274903,"WFS1",3.427e-09,0.0145,23338,124852,148190,"E4_DM2_STRICT.gz",TRUE,"reported","K85KuF",2,TRUE
"64","rs62492368","G","A","G","A",0.072,-0.00263702091849626,0.341,0.666138,FALSE,FALSE,FALSE,"RtsVCl","7:150537635_A_G",0.282118432574,0.00245173672084451,71880,383378,455258,"AD_sumstats_Jansenetal_2019sept.txt.gz",TRUE,"reported",150840547,"AOC1",6.835e-09,0.0124,23338,124852,148190,"E4_DM2_STRICT.gz",TRUE,"reported","K85KuF",2,TRUE
"65","rs6780171","T","A","T","A",0.0978,0.0010071974765383,0.306,0.316739,FALSE,TRUE,FALSE,"RtsVCl","3:185503456_A_T",0.682707917157,0.00246396668452834,71880,383378,455258,"AD_sumstats_Jansenetal_2019sept.txt.gz",TRUE,"reported",185785668,"IGF2BP2",1.508e-14,0.0127,23338,124852,148190,"E4_DM2_STRICT.gz",TRUE,"reported","K85KuF",2,TRUE
"66","rs6786846","G","A","G","A",0.0739,0.00201550863841145,0.681,0.380136,FALSE,FALSE,FALSE,"RtsVCl","3:170629884_G_A",0.365493146384,0.00222721031745721,71880,383378,455258,"AD_sumstats_Jansenetal_2019sept.txt.gz",TRUE,"reported",170912095,"EIF5A2",4.754e-09,0.0126,23338,124852,148190,"E4_DM2_STRICT.gz",TRUE,"reported","K85KuF",2,TRUE
"67","rs6878122","G","A","G","A",-0.0812,-0.000551677412959558,0.7729,0.289945,FALSE,FALSE,FALSE,"RtsVCl","5:76427311_G_A",0.827274355762,0.00252832670692876,71880,383378,455258,"AD_sumstats_Jansenetal_2019sept.txt.gz",TRUE,"reported",77131486,"ZBED3",7.301e-09,0.014,23338,124852,148190,"E4_DM2_STRICT.gz",TRUE,"reported","K85KuF",2,TRUE
"68","rs7018475","T","G","T","G",0.1044,-0.00156440456305444,0.2788,0.724684,FALSE,FALSE,FALSE,"RtsVCl","9:22137685_G_T",0.516990824905,0.00241423841218995,71880,383378,455258,"AD_sumstats_Jansenetal_2019sept.txt.gz",TRUE,"reported",22137686,"RP11-145E5.5",1.908e-15,0.0131,23338,124852,148190,"E4_DM2_STRICT.gz",TRUE,"reported","K85KuF",2,TRUE
"69","rs7079711","G","A","G","A",-0.0813,0.00469906524673589,0.2235,0.830182,FALSE,FALSE,FALSE,"RtsVCl","10:114745788_A_G",0.504227216646,0.0070360736286209,71880,383378,455258,"AD_sumstats_Jansenetal_2019sept.txt.gz",TRUE,"reported",112986029,"TCF7L2",1.303e-08,0.0143,23338,124852,148190,"E4_DM2_STRICT.gz",TRUE,"reported","K85KuF",2,TRUE
"70","rs7080591","C","T","C","T",0.0886,0.00231764048660941,0.5341,0.387219,FALSE,FALSE,FALSE,"RtsVCl","10:114740617_C_T",0.296192122727,0.00221861466445015,71880,383378,455258,"AD_sumstats_Jansenetal_2019sept.txt.gz",TRUE,"reported",112980858,"TCF7L2",6.694e-14,0.0118,23338,124852,148190,"E4_DM2_STRICT.gz",TRUE,"reported","K85KuF",2,TRUE
"71","rs7109575","G","A","G","A",-0.1002,-0.00181316714067778,0.2375,0.850739,FALSE,FALSE,FALSE,"RtsVCl","11:72463435_A_G",0.573803454714,0.00322364426304495,71880,383378,455258,"AD_sumstats_Jansenetal_2019sept.txt.gz",TRUE,"reported",72752390,"ARAP1",5.483e-13,0.0139,23338,124852,148190,"E4_DM2_STRICT.gz",TRUE,"reported","K85KuF",2,TRUE
"72","rs7128962","A","G","A","G",0.0789,0.00779140374272117,0.4461,0.3976,FALSE,FALSE,FALSE,"RtsVCl","11:92671785_A_G",0.4759,0.0109289785826379,71880,383378,455258,"AD_sumstats_Jansenetal_2019sept.txt.gz",TRUE,"reported",92938619,"MTNR1B",3.012e-11,0.0119,23338,124852,148190,"E4_DM2_STRICT.gz",TRUE,"reported","K85KuF",2,TRUE
"73","rs72802340","G","T","G","T",-0.1343,0.00227181431162789,0.06559,0.9603942,FALSE,FALSE,FALSE,"RtsVCl","16:75232528_T_G",0.681166325358,0.00552924947057093,71880,383378,455258,"AD_sumstats_Jansenetal_2019sept.txt.gz",TRUE,"reported",75198630,"CTRB2",2.224e-08,0.024,23338,124852,148190,"E4_DM2_STRICT.gz",TRUE,"reported","K85KuF",2,TRUE
"74","rs7304989","G","T","G","T",0.1155,0.00213929394453633,0.1075,0.889236,FALSE,FALSE,FALSE,"RtsVCl","12:4670931_T_G",0.560060763772,0.00367102417523267,71880,383378,455258,"AD_sumstats_Jansenetal_2019sept.txt.gz",TRUE,"reported",4561765,"DYRK4",1.069e-09,0.0189,23338,124852,148190,"E4_DM2_STRICT.gz",TRUE,"reported","K85KuF",2,TRUE
"75","rs7305618","C","T","C","T",-0.0791,-0.000702238981701672,0.2235,0.746366,FALSE,FALSE,FALSE,"RtsVCl","12:121402932_T_C",0.776923061218,0.00247851031091584,71880,383378,455258,"AD_sumstats_Jansenetal_2019sept.txt.gz",TRUE,"reported",120965129,"HNF1A",2.845e-08,0.0143,23338,124852,148190,"E4_DM2_STRICT.gz",TRUE,"reported","K85KuF",2,TRUE
"76","rs73113884","C","T","C","T",0.2599,-0.00523456918351996,0.02135,0.9718509,FALSE,FALSE,FALSE,"RtsVCl","12:66198480_T_C",0.42205234896,0.00651985634065536,71880,383378,455258,"AD_sumstats_Jansenetal_2019sept.txt.gz",TRUE,"reported",65804700,"HMGA2",1.693e-10,0.0407,23338,124852,148190,"E4_DM2_STRICT.gz",TRUE,"reported","K85KuF",2,TRUE
"77","rs73541184","G","A","G","A",-0.0958,0.000278573679484891,0.3085,0.712011,FALSE,FALSE,FALSE,"RtsVCl","11:72428148_A_G",0.908228102447,0.00241662609624646,71880,383378,455258,"AD_sumstats_Jansenetal_2019sept.txt.gz",TRUE,"reported",72717103,"ARAP1",6.389e-14,0.0128,23338,124852,148190,"E4_DM2_STRICT.gz",TRUE,"reported","K85KuF",2,TRUE
"78","rs74565893","C","T","C","T",-0.148,-0.0138126669188583,0.05947,0.9677702,FALSE,FALSE,FALSE,"RtsVCl","11:2786095_T_C",0.0237706575824,0.00610959376238501,71880,383378,455258,"AD_sumstats_Jansenetal_2019sept.txt.gz",TRUE,"reported",2764865,"KCNQ1",3.468e-09,0.0251,23338,124852,148190,"E4_DM2_STRICT.gz",TRUE,"reported","K85KuF",2,TRUE
"79","rs74862545","C","T","C","T",-0.2768,0.010651774680647,0.0194,0.9815676,FALSE,FALSE,FALSE,"RtsVCl","12:4365572_T_C",0.185675377484,0.0080483002198443,71880,383378,455258,"AD_sumstats_Jansenetal_2019sept.txt.gz",TRUE,"reported",4256406,"CCND2",4.108e-10,0.0443,23338,124852,148190,"E4_DM2_STRICT.gz",TRUE,"reported","K85KuF",2,TRUE
"80","rs7614016","G","A","G","A",-0.0996,0.0050850954979643,0.1758,0.793871,FALSE,FALSE,FALSE,"RtsVCl","3:123070426_A_G",0.05648461675,0.0026661534888821,71880,383378,455258,"AD_sumstats_Jansenetal_2019sept.txt.gz",TRUE,"reported",123351579,"ADCY5",1.254e-10,0.0155,23338,124852,148190,"E4_DM2_STRICT.gz",TRUE,"reported","K85KuF",2,TRUE
"81","rs76895963","T","G","T","G",-0.4506,-0.0191796392542952,0.03113,0.0173853,FALSE,FALSE,FALSE,"RtsVCl","12:4384844_T_G",0.6393,0.0409228721439248,71880,383378,455258,"AD_sumstats_Jansenetal_2019sept.txt.gz",TRUE,"reported",4275678,"CCND2",1.976e-34,0.0368,23338,124852,148190,"E4_DM2_STRICT.gz",TRUE,"reported","K85KuF",2,TRUE
"82","rs77735929","T","A","T","A",0.1728,0.0899319585338677,0.04293,0.0218047,FALSE,TRUE,FALSE,"RtsVCl","20:43050676_T_A",0.01405,0.036617507904665,71880,383378,455258,"AD_sumstats_Jansenetal_2019sept.txt.gz",TRUE,"reported",44422036,"HNF4A",3.357e-09,0.0292,23338,124852,148190,"E4_DM2_STRICT.gz",TRUE,"reported","K85KuF",2,TRUE
"83","rs78470967","T","A","T","A",-0.2427,-0.00157382957476635,0.03948,0.0321682,FALSE,TRUE,FALSE,"RtsVCl","12:4521511_A_T",0.798108263023,0.00615267158365799,71880,383378,455258,"AD_sumstats_Jansenetal_2019sept.txt.gz",TRUE,"reported",4412345,"FGF6",4.597e-15,0.031,23338,124852,148190,"E4_DM2_STRICT.gz",TRUE,"reported","K85KuF",2,TRUE
"84","rs7896811","C","T","C","T",-0.1111,0.00122102763173706,0.2046,0.862319,FALSE,FALSE,FALSE,"RtsVCl","10:114766717_T_C",0.697061403902,0.00313654771688406,71880,383378,455258,"AD_sumstats_Jansenetal_2019sept.txt.gz",TRUE,"reported",113006958,"TCF7L2",2.471e-14,0.0146,23338,124852,148190,"E4_DM2_STRICT.gz",TRUE,"reported","K85KuF",2,TRUE
"85","rs7911250","C","T","C","T",0.2969,-0.00912527280098797,0.03217,0.9361873,FALSE,FALSE,FALSE,"RtsVCl","10:114752585_T_C",0.0387372561365,0.00441481284006938,71880,383378,455258,"AD_sumstats_Jansenetal_2019sept.txt.gz",TRUE,"reported",112992826,"TCF7L2",2.711e-18,0.034,23338,124852,148190,"E4_DM2_STRICT.gz",TRUE,"reported","K85KuF",2,TRUE
"86","rs7951037","G","A","G","A",0.0729,-0.00181535858317706,0.655,0.421158,FALSE,FALSE,FALSE,"RtsVCl","11:92706175_G_A",0.40691509441,0.0021889338414155,71880,383378,455258,"AD_sumstats_Jansenetal_2019sept.txt.gz",TRUE,"reported",92973009,"MTNR1B",4.252e-09,0.0124,23338,124852,148190,"E4_DM2_STRICT.gz",TRUE,"reported","K85KuF",2,TRUE
"87","rs7953249","G","A","G","A",-0.0728,0.00121490009648485,0.5237,0.424346,FALSE,FALSE,FALSE,"RtsVCl","12:121403724_G_A",0.577653670347,0.00218187292571515,71880,383378,455258,"AD_sumstats_Jansenetal_2019sept.txt.gz",TRUE,"reported",120965921,"HNF1A",7.993e-10,0.0118,23338,124852,148190,"E4_DM2_STRICT.gz",TRUE,"reported","K85KuF",2,TRUE
"88","rs7973740","A","G","A","G",0.1083,0.00237904596309061,0.1029,0.895488,FALSE,FALSE,FALSE,"RtsVCl","12:4675458_G_A",0.504440450909,0.00356401046035698,71880,383378,455258,"AD_sumstats_Jansenetal_2019sept.txt.gz",TRUE,"reported",4566292,"DYRK4",2.435e-08,0.0194,23338,124852,148190,"E4_DM2_STRICT.gz",TRUE,"reported","K85KuF",2,TRUE
"89","rs7973864","A","G","A","G",0.0866,0.00320447294969785,0.1945,0.749769,FALSE,FALSE,FALSE,"RtsVCl","12:4675548_G_A",0.203481176748,0.00251984210260048,71880,383378,455258,"AD_sumstats_Jansenetal_2019sept.txt.gz",TRUE,"reported",4566382,"DYRK4",5.992e-09,0.0149,23338,124852,148190,"E4_DM2_STRICT.gz",TRUE,"reported","K85KuF",2,TRUE
"90","rs7980398","T","A","T","A",-0.1042,-0.00167695221834715,0.145,0.155867,FALSE,TRUE,FALSE,"RtsVCl","12:4340363_A_T",0.57630030913,0.00300100464003307,71880,383378,455258,"AD_sumstats_Jansenetal_2019sept.txt.gz",TRUE,"reported",4231197,"CCND2",6.38e-10,0.0169,23338,124852,148190,"E4_DM2_STRICT.gz",TRUE,"reported","K85KuF",2,TRUE
"91","rs7998259","G","A","G","A",-0.0745,0.00259049555975688,0.3894,0.641192,FALSE,FALSE,FALSE,"RtsVCl","13:80718654_A_G",0.638122591136,0.00550787997628113,71880,383378,455258,"AD_sumstats_Jansenetal_2019sept.txt.gz",TRUE,"reported",80144519,"SPRY2",7.859e-10,0.0121,23338,124852,148190,"E4_DM2_STRICT.gz",TRUE,"reported","K85KuF",2,TRUE
"92","rs8100204","G","A","G","A",0.1052,-0.0108515536298638,0.1598,0.8797,FALSE,FALSE,FALSE,"RtsVCl","19:19393714_A_G",0.181468095995,0.00812091047473065,71880,383378,455258,"AD_sumstats_Jansenetal_2019sept.txt.gz",TRUE,"reported",19282905,"SUGP1",8.159e-11,0.0162,23338,124852,148190,"E4_DM2_STRICT.gz",TRUE,"reported","K85KuF",2,TRUE
"93","rs811680","C","T","C","T",0.0761,-0.00195005440158853,0.2601,0.744133,FALSE,FALSE,FALSE,"RtsVCl","7:102004730_T_C",0.431630347257,0.00247970802777465,71880,383378,455258,"AD_sumstats_Jansenetal_2019sept.txt.gz",TRUE,"reported",102364283,"PRKRIP1",1.356e-08,0.0134,23338,124852,148190,"E4_DM2_STRICT.gz",TRUE,"reported","K85KuF",2,TRUE
"94","rs878521","G","A","G","A",0.0836,-0.000311704065674924,0.2077,0.740915,FALSE,FALSE,FALSE,"RtsVCl","7:44255643_A_G",0.899551070086,0.00246936406526435,71880,383378,455258,"AD_sumstats_Jansenetal_2019sept.txt.gz",TRUE,"reported",44216044,"CAMK2B",7.948e-09,0.0145,23338,124852,148190,"E4_DM2_STRICT.gz",TRUE,"reported","K85KuF",2,TRUE
"95","rs9368225","G","A","G","A",0.1232,0.00154067691586966,0.1876,0.753634,FALSE,FALSE,FALSE,"RtsVCl","6:20721721_A_G",0.538868207776,0.00250710055100649,71880,383378,455258,"AD_sumstats_Jansenetal_2019sept.txt.gz",TRUE,"reported",20721490,"CDKAL1",2.986e-16,0.0151,23338,124852,148190,"E4_DM2_STRICT.gz",TRUE,"reported","K85KuF",2,TRUE
"96","rs9669278","T","C","T","C",0.069,-0.004636887017398,0.4918,0.45887,FALSE,FALSE,FALSE,"RtsVCl","12:66374587_T_C",0.0339595322142,0.00218664164085027,71880,383378,455258,"AD_sumstats_Jansenetal_2019sept.txt.gz",TRUE,"reported",65980807,"HMGA2",4.681e-09,0.0118,23338,124852,148190,"E4_DM2_STRICT.gz",TRUE,"reported","K85KuF",2,TRUE
"97","rs9688471","C","T","C","T",0.1012,0.000394287222770731,0.1649,0.854435,FALSE,FALSE,FALSE,"RtsVCl","6:20736817_T_C",0.897507227859,0.00306097558038388,71880,383378,455258,"AD_sumstats_Jansenetal_2019sept.txt.gz",TRUE,"reported",20736586,"CDKAL1",1.733e-10,0.0159,23338,124852,148190,"E4_DM2_STRICT.gz",TRUE,"reported","K85KuF",2,TRUE
"98","rs9932600","T","C","T","C",0.0804,-0.00373742500441933,0.6197,0.33879,FALSE,FALSE,FALSE,"RtsVCl","16:53800272_T_C",0.10189680098,0.00228487132206442,71880,383378,455258,"AD_sumstats_Jansenetal_2019sept.txt.gz",TRUE,"reported",53766360,"FTO",3.594e-11,0.0122,23338,124852,148190,"E4_DM2_STRICT.gz",TRUE,"reported","K85KuF",2,TRUE
"99","rs9937053","G","A","G","A",0.1237,-0.00250015573285569,0.4286,0.572144,FALSE,FALSE,FALSE,"RtsVCl","16:53799507_A_G",0.251427714212,0.00217994667774684,71880,383378,455258,"AD_sumstats_Jansenetal_2019sept.txt.gz",TRUE,"reported",53765595,"FTO",2.095e-25,0.0119,23338,124852,148190,"E4_DM2_STRICT.gz",TRUE,"reported","K85KuF",2,TRUE
